{"cameraMode":{"drawMode":0,"name":"Shaded","section":"Shading Mode"},"sceneLighting":true,"audioPlay":false,"sceneViewState":{"showFog":true,"showMaterialUpdate":false,"showSkybox":true,"showFlares":true,"showImageEffects":true,"showParticleSystems":true},"in2DMode":false,"pivot":{"x":-1.1174211502075196,"y":0.20979905128479005,"z":0.9607367515563965},"rotation":{"x":-0.15966379642486573,"y":0.38451215624809267,"z":-0.06771139055490494,"w":-0.9066824913024902},"size":16.32944679260254,"orthographic":false}