{"cameraMode":{"drawMode":0,"name":"Shaded","section":"Shading Mode"},"sceneLighting":false,"audioPlay":false,"sceneViewState":{"showFog":false,"showMaterialUpdate":false,"showSkybox":false,"showFlares":false,"showImageEffects":false,"showParticleSystems":false},"in2DMode":false,"pivot":{"x":-2.008505344390869,"y":0.75,"z":-0.5486341714859009},"rotation":{"x":0.21317243576049806,"y":-0.6226000189781189,"z":0.1816297322511673,"w":0.7307102084159851},"size":0.14289429783821107,"orthographic":false}