{"cameraMode":{"drawMode":0,"name":"Shaded","section":"Shading Mode"},"sceneLighting":false,"audioPlay":false,"sceneViewState":{"showFog":false,"showMaterialUpdate":false,"showSkybox":false,"showFlares":false,"showImageEffects":false,"showParticleSystems":false},"in2DMode":false,"pivot":{"x":0.012687953189015389,"y":1.0459798574447632,"z":0.20154565572738648},"rotation":{"x":-0.42805764079093935,"y":0.023309163749217988,"z":-0.011045101098716259,"w":-0.9033833146095276},"size":0.6316698789596558,"orthographic":false}