{"cameraMode":{"drawMode":0,"name":"Shaded","section":"Shading Mode"},"sceneLighting":false,"audioPlay":false,"sceneViewState":{"showFog":false,"showMaterialUpdate":false,"showSkybox":false,"showFlares":false,"showImageEffects":false,"showParticleSystems":false},"in2DMode":false,"pivot":{"x":-0.0020500002428889276,"y":1.0,"z":-0.007600000128149986},"rotation":{"x":-0.32449421286582949,"y":0.2726188004016876,"z":-0.09824949502944946,"w":-0.9004052877426148},"size":0.028578829020261766,"orthographic":false}