{"cameraMode":{"drawMode":0,"name":"Shaded","section":"Shading Mode"},"sceneLighting":false,"audioPlay":false,"sceneViewState":{"showFog":false,"showMaterialUpdate":false,"showSkybox":false,"showFlares":false,"showImageEffects":false,"showParticleSystems":false},"in2DMode":false,"pivot":{"x":-0.3181566894054413,"y":0.9438415169715881,"z":0.6131850481033325},"rotation":{"x":0.26736119389533999,"y":0.040456030517816547,"z":-0.011235643178224564,"w":0.9626811742782593},"size":0.4428948163986206,"orthographic":false}