{"cameraMode":{"drawMode":0,"name":"Shaded","section":"Shading Mode"},"sceneLighting":false,"audioPlay":false,"sceneViewState":{"showFog":false,"showMaterialUpdate":false,"showSkybox":false,"showFlares":false,"showImageEffects":false,"showParticleSystems":false},"in2DMode":false,"pivot":{"x":-0.3517800569534302,"y":0.9399023652076721,"z":0.5996992588043213},"rotation":{"x":0.21682551503181458,"y":0.5113582611083984,"z":-0.13513246178627015,"w":0.8205112218856812},"size":0.06158357113599777,"orthographic":false}