{"cameraMode":{"drawMode":0,"name":"Shaded","section":"Shading Mode"},"sceneLighting":false,"audioPlay":false,"sceneViewState":{"showFog":false,"showMaterialUpdate":false,"showSkybox":false,"showFlares":false,"showImageEffects":false,"showParticleSystems":false},"in2DMode":false,"pivot":{"x":0.03142215311527252,"y":-0.02731078863143921,"z":-0.0017805099487304688},"rotation":{"x":-0.16123062372207642,"y":0.24871891736984254,"z":-0.042029719799757007,"w":-0.9541369080543518},"size":0.8059791326522827,"orthographic":false}