{"cameraMode":{"drawMode":0,"name":"Shaded","section":"Shading Mode"},"sceneLighting":false,"audioPlay":false,"sceneViewState":{"showFog":false,"showMaterialUpdate":false,"showSkybox":false,"showFlares":false,"showImageEffects":false,"showParticleSystems":false},"in2DMode":false,"pivot":{"x":-2.008505344390869,"y":0.8999999761581421,"z":-0.5486341714859009},"rotation":{"x":0.14859971404075623,"y":-0.8413714170455933,"z":0.2899327576160431,"w":0.431220680475235},"size":0.12860476970672608,"orthographic":false}