{"cameraMode":{"drawMode":0,"name":"Shaded","section":"Shading Mode"},"sceneLighting":false,"audioPlay":false,"sceneViewState":{"showFog":false,"showMaterialUpdate":false,"showSkybox":false,"showFlares":false,"showImageEffects":false,"showParticleSystems":false},"in2DMode":false,"pivot":{"x":-0.09484735131263733,"y":0.8256001472473145,"z":0.1151268258690834},"rotation":{"x":-0.4640031158924103,"y":0.24733494222164155,"z":-0.13669821619987489,"w":-0.8395475745201111},"size":0.396353542804718,"orthographic":false}