{"cameraMode":{"drawMode":0,"name":"Shaded","section":"Shading Mode"},"sceneLighting":false,"audioPlay":false,"sceneViewState":{"showFog":false,"showMaterialUpdate":false,"showSkybox":false,"showFlares":false,"showImageEffects":false,"showParticleSystems":false},"in2DMode":false,"pivot":{"x":0.0,"y":1.4901161193847657e-8,"z":1.4901161193847657e-8},"rotation":{"x":0.07307612150907517,"y":-0.9261370301246643,"z":0.2807672619819641,"w":0.2410392463207245},"size":0.36758217215538027,"orthographic":false}