{"cameraMode":{"drawMode":0,"name":"Shaded","section":"Shading Mode"},"sceneLighting":false,"audioPlay":false,"sceneViewState":{"showFog":false,"showMaterialUpdate":false,"showSkybox":false,"showFlares":false,"showImageEffects":false,"showParticleSystems":false},"in2DMode":false,"pivot":{"x":-0.03353244438767433,"y":-0.02565769851207733,"z":-0.001117423176765442},"rotation":{"x":-0.3190648555755615,"y":0.31816500425338747,"z":-0.11466401815414429,"w":-0.8853366374969482},"size":0.20364642143249513,"orthographic":false}