{"cameraMode":{"drawMode":0,"name":"Shaded","section":"Shading Mode"},"sceneLighting":false,"audioPlay":false,"sceneViewState":{"showFog":false,"showMaterialUpdate":false,"showSkybox":false,"showFlares":false,"showImageEffects":false,"showParticleSystems":false},"in2DMode":false,"pivot":{"x":-0.10148394107818604,"y":0.9074500203132629,"z":0.15882617235183717},"rotation":{"x":0.1587878316640854,"y":0.7299885749816895,"z":-0.18123838305473329,"w":0.6395747065544128},"size":0.1428941786289215,"orthographic":false}