{"cameraMode":{"drawMode":0,"name":"Shaded","section":"Shading Mode"},"sceneLighting":true,"audioPlay":false,"sceneViewState":{"showFog":false,"showMaterialUpdate":false,"showSkybox":false,"showFlares":false,"showImageEffects":false,"showParticleSystems":false},"in2DMode":false,"pivot":{"x":-10.413031578063965,"y":19.1570987701416,"z":-28.276824951171876},"rotation":{"x":-0.2747058868408203,"y":0.24799230694770814,"z":-0.07355941832065582,"w":-0.9260808229446411},"size":33.34663391113281,"orthographic":false}