{"cameraMode":{"drawMode":0,"name":"Shaded","section":"Shading Mode"},"sceneLighting":true,"audioPlay":false,"sceneViewState":{"showFog":false,"showMaterialUpdate":false,"showSkybox":false,"showFlares":false,"showImageEffects":false,"showParticleSystems":false},"in2DMode":false,"pivot":{"x":1.0152606964111329,"y":-0.5455584526062012,"z":1.0267601013183594},"rotation":{"x":0.158695787191391,"y":0.6577159762382507,"z":-0.1445631980895996,"w":0.7220296859741211},"size":7.480045795440674,"orthographic":false}