{"cameraMode":{"drawMode":0,"name":"Shaded","section":"Shading Mode"},"sceneLighting":true,"audioPlay":false,"sceneViewState":{"showFog":true,"showMaterialUpdate":false,"showSkybox":true,"showFlares":true,"showImageEffects":true,"showParticleSystems":true},"in2DMode":false,"pivot":{"x":0.23544985055923463,"y":0.7142124176025391,"z":0.8688811659812927},"rotation":{"x":-0.25305142998695376,"y":-0.46061718463897707,"z":0.1388688087463379,"w":-0.8393523097038269},"size":1.7289419174194337,"orthographic":false}