{"cameraMode":{"drawMode":0,"name":"Shaded","section":"Shading Mode"},"sceneLighting":true,"audioPlay":false,"sceneViewState":{"showFog":true,"showMaterialUpdate":false,"showSkybox":true,"showFlares":true,"showImageEffects":true,"showParticleSystems":true},"in2DMode":false,"pivot":{"x":0.2538604736328125,"y":0.663330078125,"z":0.5008544921875},"rotation":{"x":0.00873621180653572,"y":0.9884896874427795,"z":-0.1372854858636856,"w":0.06296517699956894},"size":2.83660888671875,"orthographic":true}