{"cameraMode":{"drawMode":0,"name":"Shaded","section":"Shading Mode"},"sceneLighting":false,"audioPlay":false,"sceneViewState":{"showFog":false,"showMaterialUpdate":false,"showSkybox":false,"showFlares":false,"showImageEffects":false,"showParticleSystems":false},"in2DMode":false,"pivot":{"x":-0.7360426783561707,"y":0.06570007652044296,"z":0.717041015625},"rotation":{"x":0.02038504369556904,"y":0.9609522223472595,"z":-0.0736566036939621,"w":0.2659512460231781},"size":0.6537095904350281,"orthographic":true}