{"cameraMode":{"drawMode":0,"name":"Shaded","section":"Shading Mode"},"sceneLighting":true,"audioPlay":false,"sceneViewState":{"showFog":false,"showMaterialUpdate":false,"showSkybox":false,"showFlares":false,"showImageEffects":false,"showParticleSystems":false},"in2DMode":false,"pivot":{"x":-0.33082517981529238,"y":0.9293246865272522,"z":0.6393395662307739},"rotation":{"x":0.15790754556655885,"y":-0.4887569844722748,"z":0.09045469015836716,"w":0.8532290458679199},"size":0.14289414882659913,"orthographic":false}