{"cameraMode":{"drawMode":0,"name":"Shaded","section":"Shading Mode"},"sceneLighting":true,"audioPlay":false,"sceneViewState":{"showFog":false,"showMaterialUpdate":false,"showSkybox":false,"showFlares":false,"showImageEffects":false,"showParticleSystems":false},"in2DMode":false,"pivot":{"x":-0.3004150390625,"y":1.0420379638671876,"z":0.34869384765625},"rotation":{"x":-0.1790911704301834,"y":0.7536025047302246,"z":-0.22890953719615937,"w":-0.5895846486091614},"size":2.5889928340911867,"orthographic":true}