{"cameraMode":{"drawMode":0,"name":"Shaded","section":"Shading Mode"},"sceneLighting":false,"audioPlay":false,"sceneViewState":{"showFog":false,"showMaterialUpdate":false,"showSkybox":false,"showFlares":false,"showImageEffects":false,"showParticleSystems":false},"in2DMode":false,"pivot":{"x":-0.10148394107818604,"y":0.9074468612670898,"z":0.15882617235183717},"rotation":{"x":0.158291295170784,"y":0.44002845883369448,"z":-0.07911574095487595,"w":0.8803746700286865},"size":0.4565397799015045,"orthographic":true}