{"cameraMode":{"drawMode":0,"name":"Shaded","section":"Shading Mode"},"sceneLighting":true,"audioPlay":false,"sceneViewState":{"showFog":false,"showMaterialUpdate":false,"showSkybox":false,"showFlares":false,"showImageEffects":false,"showParticleSystems":false},"in2DMode":false,"pivot":{"x":-0.428466796875,"y":0.68602055311203,"z":0.3675687611103058},"rotation":{"x":0.10989531874656677,"y":-0.48118555545806887,"z":0.060952328145504,"w":0.8675645589828491},"size":0.6555134057998657,"orthographic":true}