{"cameraMode":{"drawMode":0,"name":"Shaded","section":"Shading Mode"},"sceneLighting":false,"audioPlay":false,"sceneViewState":{"showFog":false,"showMaterialUpdate":false,"showSkybox":false,"showFlares":false,"showImageEffects":false,"showParticleSystems":false},"in2DMode":false,"pivot":{"x":-0.73297119140625,"y":0.0760498046875,"z":0.67449951171875},"rotation":{"x":0.23161686956882478,"y":0.3946816325187683,"z":-0.1035161241889,"w":0.8830993175506592},"size":0.46205461025238039,"orthographic":true}