{"cameraMode":{"drawMode":0,"name":"Shaded","section":"Shading Mode"},"sceneLighting":false,"audioPlay":false,"sceneViewState":{"showFog":false,"showMaterialUpdate":false,"showSkybox":false,"showFlares":false,"showImageEffects":false,"showParticleSystems":false},"in2DMode":false,"pivot":{"x":-0.2711540162563324,"y":-0.26791340112686159,"z":1.4956541061401368},"rotation":{"x":-0.25203490257263186,"y":-0.08927571028470993,"z":0.02335447445511818,"w":-0.9633082747459412},"size":1.8000731468200684,"orthographic":false}