{"cameraMode":{"drawMode":0,"name":"Shaded","section":"Shading Mode"},"sceneLighting":false,"audioPlay":false,"sceneViewState":{"showFog":false,"showMaterialUpdate":false,"showSkybox":false,"showFlares":false,"showImageEffects":false,"showParticleSystems":false},"in2DMode":false,"pivot":{"x":-1.9585455656051636,"y":0.659581184387207,"z":-0.4469900131225586},"rotation":{"x":-0.12788471579551698,"y":0.8507345914840698,"z":-0.24265556037425996,"w":-0.44834640622138979},"size":0.7578842043876648,"orthographic":false}