{"cameraMode":{"drawMode":0,"name":"Shaded","section":"Shading Mode"},"sceneLighting":false,"audioPlay":false,"sceneViewState":{"showFog":false,"showMaterialUpdate":false,"showSkybox":false,"showFlares":false,"showImageEffects":false,"showParticleSystems":false},"in2DMode":false,"pivot":{"x":-0.5149999856948853,"y":0.4699999988079071,"z":38.00999450683594},"rotation":{"x":-0.16942265629768372,"y":0.7357971668243408,"z":-0.19960322976112367,"w":-0.6245454549789429},"size":165.00006103515626,"orthographic":false}