{"cameraMode":{"drawMode":0,"name":"Shaded","section":"Shading Mode"},"sceneLighting":false,"audioPlay":false,"sceneViewState":{"showFog":false,"showMaterialUpdate":false,"showSkybox":false,"showFlares":false,"showImageEffects":false,"showParticleSystems":false},"in2DMode":false,"pivot":{"x":-0.08705389499664307,"y":-0.03365826606750488,"z":0.07287026941776276},"rotation":{"x":-0.14252647757530213,"y":0.4981665015220642,"z":-0.0834135189652443,"w":-0.8512099981307983},"size":0.4404658079147339,"orthographic":false}