{"cameraMode":{"drawMode":0,"name":"Shaded","section":"Shading Mode"},"sceneLighting":true,"audioPlay":false,"sceneViewState":{"showFog":false,"showMaterialUpdate":false,"showSkybox":false,"showFlares":false,"showImageEffects":false,"showParticleSystems":false},"in2DMode":false,"pivot":{"x":0.3753471374511719,"y":0.32666015625,"z":-1.2822265625},"rotation":{"x":0.0009822584688663483,"y":0.9876971244812012,"z":-0.15625236928462983,"w":0.006219039671123028},"size":0.8702884316444397,"orthographic":true}