{"cameraMode":{"drawMode":0,"name":"Shaded","section":"Shading Mode"},"sceneLighting":false,"audioPlay":false,"sceneViewState":{"showFog":false,"showMaterialUpdate":false,"showSkybox":false,"showFlares":false,"showImageEffects":false,"showParticleSystems":false},"in2DMode":false,"pivot":{"x":0.13978923857212068,"y":1.0376255512237549,"z":0.3929276168346405},"rotation":{"x":-0.1790911704301834,"y":0.7536025047302246,"z":-0.22890953719615937,"w":-0.5895846486091614},"size":0.07144717127084732,"orthographic":true}