{"cameraMode":{"drawMode":0,"name":"Shaded","section":"Shading Mode"},"sceneLighting":true,"audioPlay":false,"sceneViewState":{"showFog":false,"showMaterialUpdate":false,"showSkybox":false,"showFlares":false,"showImageEffects":false,"showParticleSystems":false},"in2DMode":false,"pivot":{"x":-0.10565447807312012,"y":1.0470242500305176,"z":0.3078022003173828},"rotation":{"x":-0.1790911704301834,"y":0.7536025047302246,"z":-0.22890953719615937,"w":-0.5895846486091614},"size":0.15186771750450135,"orthographic":true}