{"cameraMode":{"drawMode":0,"name":"Shaded","section":"Shading Mode"},"sceneLighting":false,"audioPlay":false,"sceneViewState":{"showFog":false,"showMaterialUpdate":false,"showSkybox":false,"showFlares":false,"showImageEffects":false,"showParticleSystems":false},"in2DMode":false,"pivot":{"x":-0.01362377405166626,"y":0.006183162331581116,"z":0.015520378947257996},"rotation":{"x":-0.13851289451122285,"y":0.8347190618515015,"z":-0.2440098524093628,"w":-0.4738328158855438},"size":0.44046586751937868,"orthographic":false}