{"cameraMode":{"drawMode":0,"name":"Shaded","section":"Shading Mode"},"sceneLighting":true,"audioPlay":false,"sceneViewState":{"showFog":false,"showMaterialUpdate":false,"showSkybox":false,"showFlares":false,"showImageEffects":false,"showParticleSystems":false},"in2DMode":false,"pivot":{"x":0.808131217956543,"y":-0.9075016975402832,"z":-0.47406619787216189},"rotation":{"x":0.15878784656524659,"y":0.7299885749816895,"z":-0.18123839795589448,"w":0.6395747065544128},"size":7.4421491622924809,"orthographic":false}