{"cameraMode":{"drawMode":0,"name":"Shaded","section":"Shading Mode"},"sceneLighting":true,"audioPlay":false,"sceneViewState":{"showFog":false,"showMaterialUpdate":false,"showSkybox":false,"showFlares":false,"showImageEffects":false,"showParticleSystems":false},"in2DMode":false,"pivot":{"x":0.07304620742797852,"y":1.0727427005767823,"z":0.18194925785064698},"rotation":{"x":-0.1728076934814453,"y":0.6236706376075745,"z":-0.1439587026834488,"w":-0.7486310005187988},"size":0.5714212656021118,"orthographic":false}