{"cameraMode":{"drawMode":0,"name":"Shaded","section":"Shading Mode"},"sceneLighting":true,"audioPlay":false,"sceneViewState":{"showFog":false,"showMaterialUpdate":false,"showSkybox":false,"showFlares":false,"showImageEffects":false,"showParticleSystems":false},"in2DMode":false,"pivot":{"x":0.07295393943786621,"y":1.0602056980133057,"z":0.27088916301727297},"rotation":{"x":0.22707924246788026,"y":0.5072444081306458,"z":-0.14057880640029908,"w":0.8193752765655518},"size":1.8452343940734864,"orthographic":false}