{"cameraMode":{"drawMode":0,"name":"Shaded","section":"Shading Mode"},"sceneLighting":true,"audioPlay":false,"sceneViewState":{"showFog":true,"showMaterialUpdate":false,"showSkybox":true,"showFlares":true,"showImageEffects":true,"showParticleSystems":true},"in2DMode":false,"pivot":{"x":-0.12117540836334229,"y":0.26097893714904787,"z":0.44695210456848147},"rotation":{"x":-0.05746191740036011,"y":0.94096440076828,"z":-0.2622538208961487,"w":-0.20617246627807618},"size":2.9432921409606935,"orthographic":false}